<?xml version="1.0" encoding="UTF-8"?>
<!DOCTYPE suite SYSTEM "https://testng.org/testng-1.0.dtd">
<suite name="Suite">
<parameter name ="browser" value = "chrome"/>
<parameter name = "url" value = " http://leaftaps.com/opentaps/control/main"/>
<parameter name = "username" value = "Demosalesmanager "/>
<parameter name = "password" value = "crmsfa"/>

  <test thread-count="5" name="Test">
    <classes>
      <class name="Week6.day3.DeleteLead"/>
      <class name="Week6.day3.CreateLeadNG"/>
    </classes>
  </test> <!-- Test -->
</suite> <!-- Suite -->
